Variable;Description
acchg;ACCHG -- Accounting Changes Cumulative Effect (ACCHG)
acco;ACCO -- Acceptances Outstanding (ACCO)
accrt;ACCRT -- ARO Accretion Expense (ACCRT)
acdo;ACDO -- Current Assets of Discontinued Operations (ACDO)
aco;ACO -- Current Assets Other Total (ACO)
acodo;ACODO -- Other Current Assets Excl Discontinued Operations (ACODO)
acominc;ACOMINC -- Accumulated Other Comprehensive Income (Loss) (ACOMINC)
acox;ACOX -- Current Assets Other Sundry (ACOX)
acoxar;ACOXAR -- Current Assets - Other - Total As Reported (ACOXAR)
acqao;ACQAO -- Acquired Assets > Other Long-Term Assets (ACQAO)
acqcshi;ACQCSHI -- Shares Issued for Acquisition (ACQCSHI)
acqgdwl;ACQGDWL -- Acquired Assets - Goodwill (ACQGDWL)
acqic;ACQIC -- Acquisitions - Current Income Contribution (ACQIC)
acqintan;ACQINTAN -- Acquired Assets - Intangibles (ACQINTAN)
acqinvt;ACQINVT -- Acquired Assets - Inventory (ACQINVT)
acqlntal;ACQLNTAL -- Acquired Loans (ACQLNTAL)
acqniintc;ACQNIINTC -- Net Interest Income Contribution (ACQNIINTC)
acqppe;ACQPPE -- Acquired Assets > Property, Plant & Equipment (ACQPPE)
acqsc;ACQSC -- Acquisitions - Current Sales Contribution (ACQSC)
act;ACT -- Current Assets - Total (ACT)
adpac;ADPAC -- Amortization of Deferred Policy Acquisition Costs (ADPAC)
aedi;AEDI -- Accrued Expenses and Deferred Income (AEDI)
afudcc;AFUDCC -- Allowance for Funds Used During Construction (Cash Flow) (AFUDCC)
afudci;AFUDCI -- Allowance for Funds Used During Construction (Investing) (Cash Flow) (AFUDCI)
aldo;ALDO -- Long-term Assets of Discontinued Operations (ALDO)
am;AM -- Amortization of Intangibles (AM)
amc;AMC -- Amortization (Cash Flow) - Utility (AMC)
amdc;AMDC -- Amortization of Deferred Charges (AMDC)
amgw;AMGW -- Amortization of Goodwill (AMGW)
ano;ANO -- Assets Netting & Other Adjustments (ANO)
ao;AO -- Assets - Other (AO)
aocidergl;AOCIDERGL -- Accum Other Comp Inc - Derivatives Unrealized Gain/Loss (AOCIDERGL)
aociother;AOCIOTHER -- Accum Other Comp Inc - Other Adjustments (AOCIOTHER)
aocipen;AOCIPEN -- Accum Other Comp Inc - Min Pension Liab Adj (AOCIPEN)
aocisecgl;AOCISECGL -- Accum Other Comp Inc - Unreal G/L Ret Int in Sec Assets (AOCISECGL)
aodo;AODO -- Other Assets excluding Discontinued Operations (AODO)
aol2;AOL2 -- Assets Level2 (Observable) (AOL2)
aoloch;AOLOCH -- Assets and Liabilities Other Net Change (AOLOCH)
aox;AOX -- Assets - Other - Sundry (AOX)
ap;AP -- Accounts Payable - Trade (AP)
apalch;APALCH -- Accounts Payable and Accrued Liabilities Increase/(Decrease) (APALCH)
apb;APB -- Accounts Payable/Creditors - Brokers, Dealers, and Clearing Organizations (APB)
apc;APC -- Accounts Payable/Creditors - Customer (APC)
apofs;APOFS -- Accounts Payable/Creditors - Other - FS (APOFS)
aqa;AQA -- Acquisition/Merger After-tax (AQA)
aqc;AQC -- Acquisitions (AQC)
aqd;AQD -- Acquisition/Merger Diluted EPS Effect (AQD)
aqeps;AQEPS -- Acquisition/Merger Basic EPS Effect (AQEPS)
aqi;AQI -- Acquisitions Income Contribution (AQI)
aqp;AQP -- Acquisition/Merger Pretax (AQP)
aqpl1;AQPL1 -- Assets Level1 (Quoted Prices) (AQPL1)
aqs;AQS -- Acquisitions Sales Contribution (AQS)
arb;ARB -- Accounts Receivable/Debtors - Brokers, Dealers, and Clearing Organizations (ARB)
arc;ARC -- Accounts Receivable/Debtors - Customer (ARC)
arce;ARCE -- As Reported Core After-tax (ARCE)
arced;ARCED -- As Reported Core Diluted EPS Effect (ARCED)
arceeps;ARCEEPS -- As Reported Core Basic EPS Effect (ARCEEPS)
artfs;ARTFS -- Accounts Receivable/Debtors - Total (ARTFS)
at;AT -- Assets - Total (AT)
aul3;AUL3 -- Assets Level3 (Unobservable) (AUL3)
autxr;AUTXR -- Appropriations to Untaxed Reserves (AUTXR)
balr;BALR -- Benefits Assumed - Life (BALR)
banlr;BANLR -- Benefits Assumed - Nonlife (BANLR)
bast;BAST -- Average Short-Term Borrowings (BAST)
bastr;BASTR -- Average Short-Term Borrowings Rate (BASTR)
batr;BATR -- Benefits Assumed - Total (BATR)
bcef;BCEF -- Brokerage, Clearing and Exchange Fees (BCEF)
bclr;BCLR -- Benefits Ceded - Life (BCLR)
bcltbl;BCLTBL -- Benefits and Claims - Total (Business Line) (BCLTBL)
bcnlr;BCNLR -- Benefits Ceded - Nonlife (BCNLR)
bcrbl;BCRBL -- Benefits and Claims - Reinsurance (Business Line) (BCRBL)
bct;BCT -- Benefits and Claims - Total (Insurance) (BCT)
bctbl;BCTBL -- Benefits and Claims - Other (Business Line) (BCTBL)
bctr;BCTR -- Benefits Ceded - Total (BCTR)
billexce;BILLEXCE -- Billings in Excess of Cost & Earnings (BILLEXCE)
bkvlps;BKVLPS -- Book Value Per Share (BKVLPS)
bltbl;BLTBL -- Benefits - Life - Total (Business Line) (BLTBL)
ca;CA -- Customers' Acceptance (CA)
capr1;CAPR1 -- Risk-Adjusted Capital Ratio - Tier 1 (CAPR1)
capr2;CAPR2 -- Risk-Adjusted Capital Ratio - Tier 2 (CAPR2)
capr3;CAPR3 -- Risk-Adjusted Capital Ratio - Combined (CAPR3)
caps;CAPS -- Capital Surplus/Share Premium Reserve (CAPS)
capsft;CAPSFT -- Capitalized Software (CAPSFT)
capx;CAPX -- Capital Expenditures (CAPX)
capxv;CAPXV -- Capital Expend Property, Plant and Equipment Schd V (CAPXV)
cb;CB -- Compensating Balance (CB)
cbi;CBI -- Claims Incurred - Insurance (CBI)
cdpac;CDPAC -- Capitalized Deferred Polcy Acquisition Costs (CDPAC)
cdvc;CDVC -- Cash Dividends on Common Stock (Cash Flow) (CDVC)
ceiexbill;CEIEXBILL -- Cost & Earnings in Excess of Billings (CEIEXBILL)
ceq;CEQ -- Common/Ordinary Equity - Total (CEQ)
ceql;CEQL -- Common Equity Liquidation Value (CEQL)
ceqt;CEQT -- Common Equity Tangible (CEQT)
cfbd;CFBD -- Commissions and Fees - (Broker/Dealer) (CFBD)
cfere;CFERE -- Commissions and Fees - (Real Estate) (CFERE)
cfo;CFO -- Commissions and Fees - Other (CFO)
cfpdo;CFPDO -- Commissions and Fees Paid - Other (CFPDO)
cga;CGA -- Capital Gains - After-Tax (CGA)
cgri;CGRI -- Capital Gains - Realized (Insurance) (CGRI)
cgti;CGTI -- Capital Gains - Total (Insurance) (CGTI)
cgui;CGUI -- Capital Gains - Unrealized (Insurance) (CGUI)
ch;CH -- Cash (CH)
che;CHE -- Cash and Short-Term Investments (CHE)
chech;CHECH -- Cash and Cash Equivalents Increase/(Decrease) (CHECH)
chs;CHS -- Cash and Deposits - Segregated (CHS)
ci;CI -- Comprehensive Income - Total (CI)
cibegni;CIBEGNI -- Comp Inc - Beginning Net Income (CIBEGNI)
cicurr;CICURR -- Comp Inc - Currency Trans Adj (CICURR)
cidergl;CIDERGL -- Comp Inc - Derivative Gains/Losses (CIDERGL)
cimii;CIMII -- Comprehensive Income - Noncontrolling Interest (CIMII)
ciother;CIOTHER -- Comp Inc - Other Adj (CIOTHER)
cipen;CIPEN -- Comp Inc - Minimum Pension Adj (CIPEN)
cisecgl;CISECGL -- Comp Inc - Securities Gains/Losses (CISECGL)
citotal;CITOTAL -- Comprehensive Income - Total (CITOTAL)
cld2;CLD2 -- Capitalized Leases - Due in 2nd Year (CLD2)
cld3;CLD3 -- Capitalized Leases - Due in 3rd Year (CLD3)
cld4;CLD4 -- Capitalized Leases - Due in 4th Year (CLD4)
cld5;CLD5 -- Capitalized Leases - Due in 5th Year (CLD5)
clfc;CLFC -- Contingent Liabilities - Forward and Future Contracts (CLFC)
clfx;CLFX -- Contingent Liabilities - Foreign Exchange Commitments (CLFX)
clg;CLG -- Contingent Liabilities - Guarantees (CLG)
clis;CLIS -- Contingent Liabilities - Interest Rate Swaps (CLIS)
cll;CLL -- Contingent Liabilities - Letters of Credit (CLL)
cllc;CLLC -- Contingent Liabilities - Loan Commitments (CLLC)
clo;CLO -- Contingent Liabilities - Other (CLO)
clrll;CLRLL -- Credit Loss Reserve Allocated for LDC Loans (CLRLL)
clt;CLT -- Contingent Liabilities - Total (CLT)
cmp;CMP -- Commercial Paper (CMP)
cnltbl;CNLTBL -- Claims - Non-Life - Total (Business Line) (CNLTBL)
cogs;COGS -- Cost of Goods Sold (COGS)
cpcbl;CPCBL -- Commercial Property and Casualty Claims (Business Line) (CPCBL)
cpdoi;CPDOI -- Claims Paid - Other (CPDOI)
cpnli;CPNLI -- Claims Paid - Non-Life (CPNLI)
cppbl;CPPBL -- Commercial Property and Casualty Premiums (Business Line) (CPPBL)
cprei;CPREI -- Claims Paid - Reinsurance (CPREI)
crv;CRV -- Consolidation Reserves (CRV)
crvnli;CRVNLI -- Reserves for Claims (Losses) - Nonlife (Insurance) (CRVNLI)
cshfd;CSHFD -- Common Shares Used to Calc Earnings Per Share Fully Diluted (CSHFD)
cshi;CSHI -- Common Shares Issued (CSHI)
csho;CSHO -- Common Shares Outstanding (CSHO)
cshpri;CSHPRI -- Common Shares Used to Calculate Earnings Per Share Basic (CSHPRI)
cshr;CSHR -- Common/Ordinary Shareholders (CSHR)
cshrc;CSHRC -- Common Shares Reserved for Conversion Convertible Debt (CSHRC)
cshrp;CSHRP -- Common Shares Reserved for Conversion Preferred Stock (CSHRP)
cshrso;CSHRSO -- Common Shares Reserved for Conversion Stock Options (CSHRSO)
cshrt;CSHRT -- Common Shares Reserved for Conversion Total (CSHRT)
cshrw;CSHRW -- Common Shares Reserved for Conversion Warrants and Other (CSHRW)
cstk;CSTK -- Common/Ordinary Stock (Capital) (CSTK)
cstkcv;CSTKCV -- Common Stock-Carrying Value (CSTKCV)
cstke;CSTKE -- Common Stock Equivalents - Dollar Savings (CSTKE)
dbi;DBI -- Death Benefits - Insurance (DBI)
dc;DC -- Deferred Charges (DC)
dclo;DCLO -- Debt Capitalized Lease Obligations (DCLO)
dcom;DCOM -- Deferred Compensation (DCOM)
dcpstk;DCPSTK -- Convertible Debt and Preferred Stock (DCPSTK)
dcs;DCS -- Debt Consolidated Subsidiary (DCS)
dcvsr;DCVSR -- Debt Senior Convertible (DCVSR)
dcvsub;DCVSUB -- Debt Subordinated Convertible (DCVSUB)
dcvt;DCVT -- Debt - Convertible (DCVT)
dd;DD -- Debt Debentures (DD)
dd1;DD1 -- Long-Term Debt Due in One Year (DD1)
dd2;DD2 -- Debt Due in 2nd Year (DD2)
dd3;DD3 -- Debt Due in 3rd Year (DD3)
dd4;DD4 -- Debt Due in 4th Year (DD4)
dd5;DD5 -- Debt Due in 5th Year (DD5)
depc;DEPC -- Depreciation and Depletion (Cash Flow) (DEPC)
derac;DERAC -- Derivative Assets - Current (DERAC)
deralt;DERALT -- Derivative Assets Long-Term (DERALT)
derhedgl;DERHEDGL -- Gains/Losses on Derivatives and Hedging (DERHEDGL)
derlc;DERLC -- Derivative Liabilities- Current (DERLC)
derllt;DERLLT -- Derivative Liabilities Long-Term (DERLLT)
dfpac;DFPAC -- Deferred Policy Acquisition Costs (DFPAC)
dfs;DFS -- Debt Finance Subsidiary (DFS)
dfxa;DFXA -- Depreciation of Tangible Fixed Assets (DFXA)
diladj;DILADJ -- Dilution Adjustment (DILADJ)
dilavx;DILAVX -- Dilution Available Excluding Extraordinary Items (DILAVX)
dlc;DLC -- Debt in Current Liabilities - Total (DLC)
dlcch;DLCCH -- Current Debt Changes (DLCCH)
dltis;DLTIS -- Long-Term Debt Issuance (DLTIS)
dlto;DLTO -- Other Long-term Debt (DLTO)
dltp;DLTP -- Long-Term Debt Tied to Prime (DLTP)
dltr;DLTR -- Long-Term Debt Reduction (DLTR)
dltsub;DLTSUB -- Long-Term Debt - Subordinated (DLTSUB)
dltt;DLTT -- Long-Term Debt - Total (DLTT)
dm;DM -- Debt Mortgages & Other Secured (DM)
dn;DN -- Debt Notes (DN)
do;DO -- Discontinued Operations (DO)
donr;DONR -- Nonrecurring Disc Operations (DONR)
dp;DP -- Depreciation and Amortization (DP)
dpacb;DPACB -- Depreciation (Accumulated) Buildings (DPACB)
dpacc;DPACC -- Depreciation (Accumulated) Construction in Progress (DPACC)
dpacli;DPACLI -- Depreciation (Accumulated) Land and Improvements (DPACLI)
dpacls;DPACLS -- Depreciation (Accumulated) Leases (DPACLS)
dpacme;DPACME -- Depreciation (Accumulated) Machinery and Equipment (DPACME)
dpacnr;DPACNR -- Depreciation (Accumulated) Natural Resources (DPACNR)
dpaco;DPACO -- Depreciation (Accumulated) Other (DPACO)
dpacre;DPACRE -- Accumulated Depreciation of RE Property (DPACRE)
dpact;DPACT -- Depreciation, Depletion and Amortization (Accumulated) (DPACT)
dpc;DPC -- Depreciation and Amortization (Cash Flow) (DPC)
dpdc;DPDC -- Deposits - Demand - Customer (DPDC)
dpltb;DPLTB -- Deposits - Long-Term Time - Bank (DPLTB)
dpret;DPRET -- Depr/Amort of Property (DPRET)
dpsc;DPSC -- Deposits vings - Customer (DPSC)
dpstb;DPSTB -- Deposits - Short-Term Demand - Bank (DPSTB)
dptb;DPTB -- Deposits - Total - Banks (DPTB)
dptc;DPTC -- Deposits - Total - Customer (DPTC)
dptic;DPTIC -- Deposits - Time - Customer (DPTIC)
dpvieb;DPVIEB -- Depreciation (Accumulated) Ending Balance (Schedule VI) (DPVIEB)
dpvio;DPVIO -- Depreciation (Accumulated) Other Changes (Schedule VI) (DPVIO)
dpvir;DPVIR -- Depreciation (Accumulated) Retirements (Schedule VI) (DPVIR)
drc;DRC -- Deferred Revenue Current (DRC)
drci;DRCI -- Deduction From Policy and Claims Reserves for Reinsurance Ceded (DRCI)
drlt;DRLT -- Deferred Revenue Long-term (DRLT)
ds;DS -- Debt-Subordinated (DS)
dt;DT -- Total Debt Including Current (DT)
dtea;DTEA -- Extinguishment of Debt After-tax (DTEA)
dted;DTED -- Extinguishment of Debt Diluted EPS Effect (DTED)
dteeps;DTEEPS -- Extinguishment of Debt Basic EPS Effect (DTEEPS)
dtep;DTEP -- Extinguishment of Debt Pretax (DTEP)
dudd;DUDD -- Debt Unamortized Debt Discount and Other (DUDD)
dv;DV -- Cash Dividends (Cash Flow) (DV)
dvc;DVC -- Dividends Common/Ordinary (DVC)
dvdnp;DVDNP -- Dividends Declared and Not Provided (DVDNP)
dvintf;DVINTF -- Dividends & Interest Receivable (Cash Flow) (DVINTF)
dvp;DVP -- Dividends - Preferred/Preference (DVP)
dvpa;DVPA -- Preferred Dividends in Arrears (DVPA)
dvpd;DVPD -- Cash Dividends Paid (DVPD)
dvpdp;DVPDP -- Dividends and Bonuses Paid Policyholders (DVPDP)
dvpibb;DVPIBB -- Depreciation (Accumulated) Beginning Balance (Schedule VI) (DVPIBB)
dvrpiv;DVRPIV -- Dividends Received from Permanent Investments (DVRPIV)
dvrre;DVRRE -- Development Revenue (Real Estate) (DVRRE)
dvsco;DVSCO -- Dividends - Share Capital - Other (DVSCO)
dvt;DVT -- Dividends - Total (DVT)
dxd2;DXD2 -- Debt (excl Capitalized Leases) - Due in 2nd Year (DXD2)
dxd3;DXD3 -- Debt (excl Capitalized Leases) - Due in 3rd Year (DXD3)
dxd4;DXD4 -- Debt (excl Capitalized Leases) - Due in 4th Year (DXD4)
dxd5;DXD5 -- Debt (excl Capitalized Leases) - Due in 5th Year (DXD5)
ea;EA -- Exchange Adjustments (Assets) (EA)
ebit;EBIT -- Earnings Before Interest and Taxes (EBIT)
ebitda;EBITDA -- Earnings Before Interest (EBITDA)
eiea;EIEA -- Equity in Earnings - After-Tax (EIEA)
emol;EMOL -- Directors' Emoluments (EMOL)
emp;EMP -- Employees (EMP)
epsfi;EPSFI -- Earnings Per Share (Diluted) Including Extraordinary Items (EPSFI)
epsfx;EPSFX -- Earnings Per Share (Diluted) Excluding Extraordinary Items (EPSFX)
epspi;EPSPI -- Earnings Per Share (Basic) Including Extraordinary Items (EPSPI)
epspx;EPSPX -- Earnings Per Share (Basic) Excluding Extraordinary Items (EPSPX)
esopct;ESOPCT -- ESOP Obligation (Common) - Total (ESOPCT)
esopdlt;ESOPDLT -- ESOP Debt - Long Term (ESOPDLT)
esopnr;ESOPNR -- Preferred ESOP Obligation - Non-Redeemable (ESOPNR)
esopr;ESOPR -- Preferred ESOP Obligation - Redeemable (ESOPR)
esopt;ESOPT -- Preferred ESOP Obligation - Total (ESOPT)
esub;ESUB -- Equity in Earnings - Unconsolidated Subsidiaries (ESUB)
esubc;ESUBC -- Equity in Net Loss Earnings (ESUBC)
excadj;EXCADJ -- Exchange Adjustments (Liabilities) (EXCADJ)
exre;EXRE -- Exchange Rate Effect (EXRE)
fatb;FATB -- Property, Plant, and Equipment Buildings at Cost (FATB)
fatc;FATC -- Property, Plant, and Equipment Construction in Progress at Cost (FATC)
fatd;FATD -- Fixed Assets and Investments - Disposals - Gain (Loss) (FATD)
fate;FATE -- Property, Plant, and Equipment Machinery and Equipment at Cost (FATE)
fatl;FATL -- Property, Plant, and Equipment Leases at Cost (FATL)
fatn;FATN -- Property, Plant, and Equipment Natural Resources at Cost (FATN)
fato;FATO -- Property, Plant, and Equipment Other at Cost (FATO)
fatp;FATP -- Property, Plant, and Equipment Land and Improvements at Cost (FATP)
fca;FCA -- Foreign Exchange Income (Loss) (FCA)
fdfr;FDFR -- Federal Funds Purchased (FDFR)
fea;FEA -- Foreign Exchange Assets (FEA)
fel;FEL -- Foreign Exchange Liabilities (FEL)
ffo;FFO -- Funds From Operations (REIT) (FFO)
ffs;FFS -- Federal Funds Sold (FFS)
fiao;FIAO -- Financing Activities Other (FIAO)
finaco;FINACO -- Finance Division Other Current Assets, Total (FINACO)
finao;FINAO -- Finance Division Other Long-Term Assets, Total (FINAO)
fincf;FINCF -- Financing Activities Net Cash Flow (FINCF)
finch;FINCH -- Finance Division - Cash (FINCH)
findlc;FINDLC -- Finance Division Long-Term Debt - Current (FINDLC)
findlt;FINDLT -- Finance Division Debt - Long-Term (FINDLT)
finivst;FINIVST -- Finance Division - Short-Term Investments (FINIVST)
finlco;FINLCO -- Finance Division Other Current Liabilities, Total (FINLCO)
finlto;FINLTO -- Finance Division Other Long Term Liabilities, Total (FINLTO)
finnp;FINNP -- Finance Division Notes Payable (FINNP)
finrecc;FINRECC -- Finance Division - Current Receivables (FINRECC)
finreclt;FINRECLT -- Finance Division - Long-Term Receivables (FINRECLT)
finrev;FINREV -- Finance Division Revenue (FINREV)
finxint;FINXINT -- Finance Division Interest Expense (FINXINT)
finxopr;FINXOPR -- Finance Division Operating Expense (FINXOPR)
fopo;FOPO -- Funds from Operations Other (FOPO)
fopox;FOPOX -- Funds from Operations - Other excluding Option Tax Benefit (FOPOX)
fopt;FOPT -- Funds From Operations Total (FOPT)
fsrco;FSRCO -- Sources of Funds Other (FSRCO)
fsrct;FSRCT -- Sources of Funds Total (FSRCT)
fuseo;FUSEO -- Uses of Funds Other (FUSEO)
fuset;FUSET -- Uses of Funds Total (FUSET)
gbbl;GBBL -- Group Benefits (Business Line) (GBBL)
gdwl;GDWL -- Goodwill (GDWL)
gdwlam;GDWLAM -- Goodwill Amortization (GDWLAM)
gdwlia;GDWLIA -- Impairments of Goodwill After-tax (GDWLIA)
gdwlid;GDWLID -- Impairments of Goodwill Diluted EPS Effect (GDWLID)
gdwlieps;GDWLIEPS -- Impairments of Goodwill Basic EPS Effect (GDWLIEPS)
gdwlip;GDWLIP -- Impairments of Goodwill Pretax (GDWLIP)
geqrv;GEQRV -- Grants - Equity Reserves (GEQRV)
gla;GLA -- Gain/Loss After-tax (GLA)
glcea;GLCEA -- Gain/Loss on Sale (Core Earnings Adjusted) After-tax (GLCEA)
glced;GLCED -- Gain/Loss on Sale (Core Earnings Adjusted) Diluted EPS (GLCED)
glceeps;GLCEEPS -- Gain/Loss on Sale (Core Earnings Adjusted) Basic EPS Effect (GLCEEPS)
glcep;GLCEP -- Gain/Loss on Sale (Core Earnings Adjusted) Pretax (GLCEP)
gld;GLD -- Gain/Loss Diluted EPS Effect (GLD)
gleps;GLEPS -- Gain/Loss Basic EPS Effect (GLEPS)
gliv;GLIV -- Gains/Losses on investments (GLIV)
glp;GLP -- Gain/Loss Pretax (GLP)
govgr;GOVGR -- Government Grants (GOVGR)
govtown;GOVTOWN -- Percent of Gov't Owned (GOVTOWN)
gp;GP -- Gross Profit (Loss) (GP)
gphbl;GPHBL -- Group Premiums - Health (Business Line) (GPHBL)
gplbl;GPLBL -- Group Premiums - Life (Business Line) (GPLBL)
gpobl;GPOBL -- Group Premiums - Other (Business Line) (GPOBL)
gprbl;GPRBL -- Group Premiums - Retirement Benefits (Business Line) (GPRBL)
gptbl;GPTBL -- Group Premiums - Total (Business Line) (GPTBL)
gwo;GWO -- Goodwill Written Off (GWO)
hedgegl;HEDGEGL -- Gain/Loss on Ineffective Hedges (HEDGEGL)
iaeq;IAEQ -- Investment Assets - Equity Securities (Insurance) (IAEQ)
iaeqci;IAEQCI -- Investment Assets (Insurance) - Equity Securities (Cost) (IAEQCI)
iaeqmi;IAEQMI -- Investment Assets (Insurance) - Equity Securities (Market) (IAEQMI)
iafici;IAFICI -- Investment Assets (Insurance) - Fixed Income Securities (Cost) (IAFICI)
iafxi;IAFXI -- Investment Assets - Fixed Income Securities (Insurance) (IAFXI)
iafxmi;IAFXMI -- Investment Assets (Insurance) - Fixed Income Securities (Market) (IAFXMI)
iali;IALI -- Investment Assets (Insurance) - Listed Securities-Total (IALI)
ialoi;IALOI -- Investment Assets - Loans - Other (Insurance) (IALOI)
ialti;IALTI -- Investment Assets - Loans - Total (Insurance) (IALTI)
iamli;IAMLI -- Investment Assets - Mortgage Loans (Insurance) (IAMLI)
iaoi;IAOI -- Investment Assets - Other (Insurance) (IAOI)
iapli;IAPLI -- Investment Assets - Policy Loans (Insurance) (IAPLI)
iarei;IAREI -- Investment Assets - Real Estate (Insurance) (IAREI)
iasci;IASCI -- Investment Assets (Insurance) - Securities - Sundry (Cost) (IASCI)
iasmi;IASMI -- Investment Assets (Insurance) - Securities - Sundry (Market) (IASMI)
iassi;IASSI -- Investment Assets - Securities - Sundry (Insurance) (IASSI)
iasti;IASTI -- Investment Assets - Securities - Total (Insurance) (IASTI)
iatci;IATCI -- Investment Assets (Insurance) - Securities - Total (Cost) (IATCI)
iati;IATI -- Investment Assets - Total (Insurance) (IATI)
iatmi;IATMI -- Investment Assets (Insurance) - Securities - Total (Market) (IATMI)
iaui;IAUI -- Investment Assets (Insurance) - Unlisted Securities - Total (IAUI)
ib;IB -- Income Before Extraordinary Items (IB)
ibadj;IBADJ -- Income Before Extraordinary Items Adjusted for Common Stock Equivalents (IBADJ)
ibbl;IBBL -- Individual Benefits (Business Line) (IBBL)
ibc;IBC -- Income Before Extraordinary Items (Cash Flow) (IBC)
ibcom;IBCOM -- Income Before Extraordinary Items Available for Common (IBCOM)
ibki;IBKI -- Investment Banking Income (IBKI)
ibmii;IBMII -- Income before Extraordinary Items and Noncontrolling Interests (IBMII)
icapt;ICAPT -- Invested Capital - Total (ICAPT)
idiis;IDIIS -- Interest and Dividend Income - Investment Securities (IDIIS)
idilb;IDILB -- Interest and Dividend Income - Loans/Claims/Advances - Banks (IDILB)
idilc;IDILC -- Interest and Dividend Income - Loans/Claims/Advances - Customers (IDILC)
idis;IDIS -- Interest and Dividend Income - Sundry (IDIS)
idist;IDIST -- Interest and Dividend Income - Short-Term Investments (IDIST)
idit;IDIT -- Interest and Related Income - Total (IDIT)
idits;IDITS -- Interest and Dividend Income - Trading Securities (IDITS)
iire;IIRE -- Investment Income (Real Estate) (IIRE)
initb;INITB -- Income - Non-interest - Total (Bank) (INITB)
intan;INTAN -- Intangible Assets - Total (INTAN)
intano;INTANO -- Other Intangibles (INTANO)
intc;INTC -- Interest Capitalized (INTC)
intpn;INTPN -- Interest Paid Net (INTPN)
invch;INVCH -- Inventory Decrease (Increase) (INVCH)
invfg;INVFG -- Inventories Finished Goods (INVFG)
invo;INVO -- Inventories Other (INVO)
invofs;INVOFS -- Inventory/Stock - Other (INVOFS)
invreh;INVREH -- Inventory/Stock - Real Estate Held for Development (INVREH)
invrei;INVREI -- Inventory/Stock - Real Estate Under Development (INVREI)
invres;INVRES -- Inventory/Stock - Real Estate Held for Sale (INVRES)
invrm;INVRM -- Inventories Raw Materials (INVRM)
invt;INVT -- Inventories - Total (INVT)
invwip;INVWIP -- Inventories Work In Process (INVWIP)
iobd;IOBD -- Income - Other (Broker Dealer) (IOBD)
ioi;IOI -- Income - Other (Insurance) (IOI)
iore;IORE -- Income - Other (Real Estate) (IORE)
ip;IP -- Investment Property (IP)
ipabl;IPABL -- Individual Premiums - Annuity (Business Line) (IPABL)
ipc;IPC -- Investment Property (Cost) (IPC)
iphbl;IPHBL -- Individual Premiums - Health (Business Line) (IPHBL)
iplbl;IPLBL -- Individual Premiums - Life (Business Line) (IPLBL)
ipobl;IPOBL -- Individual Premiums - Other (Business Line) (IPOBL)
iptbl;IPTBL -- Individual Premiums - Total (Business Line) (IPTBL)
ipti;IPTI -- Insurance Premiums - Total (Insurance) (IPTI)
ipv;IPV -- Investment Property (Valuation) (IPV)
irei;IREI -- Interest and Related Income - Reinsurance (Insurance) (IREI)
irent;IRENT -- Rental Income (IRENT)
irii;IRII -- Interest and Related Income (Insurance) (IRII)
irli;IRLI -- Interest and Related Income - Life (Insurance) (IRLI)
irnli;IRNLI -- Interest and Related Income - Non-Life (Insurance) (IRNLI)
irsi;IRSI -- Interest and Related Income - Sundry (Insurance) (IRSI)
iseq;ISEQ -- Investment Securities - Equity (ISEQ)
iseqc;ISEQC -- Investment Securities - Equity (Cost) (ISEQC)
iseqm;ISEQM -- Investment Securities - Equity (Market) (ISEQM)
isfi;ISFI -- Investment Securities - Fixed Income (ISFI)
isfxc;ISFXC -- Investment Securities - Fixed Income (Cost) (ISFXC)
isfxm;ISFXM -- Investment Securities - Fixed Income (Market) (ISFXM)
isgr;ISGR -- Investment Securities - Gain (Loss) - Realized (ISGR)
isgt;ISGT -- Investment Securities - Gain (Loss) - Total (ISGT)
isgu;ISGU -- Investment Securities - Gain (Loss) - Unrealized (ISGU)
islg;ISLG -- Investment Securities - Local Governments (ISLG)
islgc;ISLGC -- Investment Securities - Local Governments (Cost) (ISLGC)
islgm;ISLGM -- Investment Securities - Local Governments (Market) (ISLGM)
islt;ISLT -- Investment Securities - Listed - Total (ISLT)
isng;ISNG -- Investment Securities - National Governments (ISNG)
isngc;ISNGC -- Investment Securities - National Governments (Cost) (ISNGC)
isngm;ISNGM -- Investment Securities - National Governments (Market) (ISNGM)
isotc;ISOTC -- Invetsment Securities - Other (Cost) (ISOTC)
isoth;ISOTH -- Investment Securities - Other (ISOTH)
isotm;ISOTM -- Invetsment Securities - Other (Market) (ISOTM)
issc;ISSC -- Investment Securities - Sundry (Cost) (ISSC)
issm;ISSM -- Investment Securities - Sundry (Market) (ISSM)
issu;ISSU -- Investment Securities - Sundry (ISSU)
ist;IST -- Investment Securities -Total (IST)
istc;ISTC -- Investment Securities - Total (Cost) (ISTC)
istm;ISTM -- Investment Securities - Total (Market) (ISTM)
isut;ISUT -- Investment Securities - Unlisted - Total (ISUT)
itcb;ITCB -- Investment Tax Credit (Balance Sheet) (ITCB)
itcc;ITCC -- Investment Tax Credit - Net (Cash Flow) - Utility (ITCC)
itci;ITCI -- Investment Tax Credit (Income Account) (ITCI)
ivaco;IVACO -- Investing Activities Other (IVACO)
ivaeq;IVAEQ -- Investment and Advances - Equity (IVAEQ)
ivao;IVAO -- Investment and Advances Other (IVAO)
ivch;IVCH -- Increase in Investments (IVCH)
ivgod;IVGOD -- Investments Grants and Other Deductions (IVGOD)
ivi;IVI -- Investment Income - Total (Insurance) (IVI)
ivncf;IVNCF -- Investing Activities Net Cash Flow (IVNCF)
ivpt;IVPT -- Investments - Permanent - Total (IVPT)
ivst;IVST -- Short-Term Investments - Total (IVST)
ivstch;IVSTCH -- Short-Term Investments Change (IVSTCH)
lcabg;LCABG -- Loans/Claims/Advances - Banks and Government - Total (LCABG)
lcacl;LCACL -- Loans/Claims/Advances - Commercial (LCACL)
lcacr;LCACR -- Loans/Claims/Advances - Consumer (LCACR)
lcag;LCAG -- Loans/Claims/Advances - Government (LCAG)
lcal;LCAL -- Loans/Claims/Advances - Lease (LCAL)
lcalt;LCALT -- Loans/Claims/Advances - Long-Term (Banks) (LCALT)
lcam;LCAM -- Loans/Claims/Advances - Mortgage (LCAM)
lcao;LCAO -- Loans/Claims/Advances - Other (LCAO)
lcast;LCAST -- Loans/Claims/Advances - Short-Term - Banks (LCAST)
lcat;LCAT -- Loans/Claims/Advances - Total (LCAT)
lco;LCO -- Current Liabilities Other Total (LCO)
lcox;LCOX -- Current Liabilities Other Sundry (LCOX)
lcoxar;LCOXAR -- Current Liabilities - Other - Total As Reported (LCOXAR)
lcoxdr;LCOXDR -- Current Liabilities - Other - Excluding Deferred Revenue (LCOXDR)
lct;LCT -- Current Liabilities - Total (LCT)
lcuacu;LCUACU -- Loans/Claims/Advances - Customer - Total (LCUACU)
li;LI -- Leasing Income (LI)
lif;LIF -- Life Insurance in Force (LIF)
lifr;LIFR -- LIFO Reserve (LIFR)
lifrp;LIFRP -- LIFO Reserve - Prior (LIFRP)
lloml;LLOML -- LDC Loans Outstanding - Medium and Long-Term (LLOML)
lloo;LLOO -- LDC Loans Outstanding - Other (LLOO)
llot;LLOT -- LDC Loans Outstanding - Total (LLOT)
llrci;LLRCI -- Loan Loss Recoveries - Credited to Income (LLRCI)
llrcr;LLRCR -- Loan Loss Recoveries - Credited to Reserves (LLRCR)
llwoci;LLWOCI -- Loan Loss Written Off - Charged to Income (LLWOCI)
llwocr;LLWOCR -- Loan Loss Written Off - Charged to Reserves (LLWOCR)
lno;LNO -- Liabilities Netting & Other Adjustments (LNO)
lo;LO -- Liabilities - Other - Total (LO)
lol2;LOL2 -- Liabilities Level2 (Observable) (LOL2)
loxdr;LOXDR -- Liabilities - Other - Excluding Deferred Revenue (LOXDR)
lqpl1;LQPL1 -- Liabilities Level1 (Quoted Prices) (LQPL1)
lrv;LRV -- Legal Reserves (LRV)
ls;LS -- Liabilities - Other - Sundry (LS)
lse;LSE -- Liabilities and Stockholders Equity - Total (LSE)
lst;LST -- Life Insurance Surrenders and Terminations (LST)
lt;LT -- Liabilities - Total (LT)
lul3;LUL3 -- Liabilities Level3 (Unobservable) (LUL3)
mib;MIB -- Minority Interest (Balance Sheet) (MIB)
mibn;MIBN -- Noncontrolling Interests - Nonredeemable - Balance Sheet (MIBN)
mibt;MIBT -- Noncontrolling Interests - Total - Balance Sheet (MIBT)
mii;MII -- Minority Interest (Income Account) (MII)
mrc1;MRC1 -- Rental Commitments Minimum 1st Year (MRC1)
mrc2;MRC2 -- Rental Commitments Minimum 2nd Year (MRC2)
mrc3;MRC3 -- Rental Commitments Minimum 3rd Year (MRC3)
mrc4;MRC4 -- Rental Commitments Minimum 4th Year (MRC4)
mrc5;MRC5 -- Rental Commitments Minimum 5th Year (MRC5)
mrct;MRCT -- Rental Commitments Minimum 5 Year Total (MRCT)
mrcta;MRCTA -- Thereafter Portion of Leases (MRCTA)
msa;MSA -- Marketable Securities Adjustment (MSA)
msvrv;MSVRV -- Mandatory Securities Valuation Reserve (Statutory) (MSVRV)
mtl;MTL -- Loans From Securities Finance Companies for Margin Transactions (MTL)
nat;NAT -- Nonadmitted Assets - Total (Statutory) (NAT)
nco;NCO -- Net Charge-Offs (NCO)
nfsr;NFSR -- Non-Financial Services Revenue (NFSR)
ni;NI -- Net Income (Loss) (NI)
niadj;NIADJ -- Net Income Adjusted for Common/Ordinary Stock (Capital) Equivalents (NIADJ)
nieci;NIECI -- Net Income Effect Capitalized Interest (NIECI)
niint;NIINT -- Net Interest Income (NIINT)
niintpfc;NIINTPFC -- Pro Forma Net Interest Income - Current (NIINTPFC)
niintpfp;NIINTPFP -- Pro Forma Net Interest Income - Prior (NIINTPFP)
niit;NIIT -- Net Interest Income (Tax Equivalent) (NIIT)
nim;NIM -- Net Interest Margin (NIM)
nio;NIO -- Net Items - Other (NIO)
nipfc;NIPFC -- Pro Forma Net Income - Current (NIPFC)
nipfp;NIPFP -- Pro Forma Net Income - Prior (NIPFP)
nit;NIT -- Net Item - Total (NIT)
nits;NITS -- Net Income - Total (Statutory) (NITS)
nopi;NOPI -- Nonoperating Income (Expense) (NOPI)
nopio;NOPIO -- Nonoperating Income (Expense) Other (NOPIO)
np;NP -- Notes Payable Short-Term Borrowings (NP)
npanl;NPANL -- Nonperforming Assets - Nonaccrual Loans (NPANL)
npaore;NPAORE -- Nonperforming Assets - Other Real Estate Owned (NPAORE)
nparl;NPARL -- Nonperforming Assets - Restructured Loans (NPARL)
npat;NPAT -- Nonperforming Assets - Total (NPAT)
nrtxt;NRTXT -- Nonrecurring Income Taxes After-tax (NRTXT)
nrtxtd;NRTXTD -- Nonrecurring Income Tax Diluted EPS Effect (NRTXTD)
nrtxteps;NRTXTEPS -- Nonrecurring Income Tax Basic EPS Effect (NRTXTEPS)
oancf;OANCF -- Operating Activities Net Cash Flow (OANCF)
ob;OB -- Order Backlog (OB)
oiadp;OIADP -- Operating Income After Depreciation (OIADP)
oibdp;OIBDP -- Operating Income Before Depreciation (OIBDP)
opeps;OPEPS -- Earnings Per Share from Operations (OPEPS)
opili;OPILI -- Operating Income - Life (OPILI)
opincar;OPINCAR -- Operating Income - As Reported (OPINCAR)
opini;OPINI -- Operating Income - Non-Life (OPINI)
opioi;OPIOI -- Operating Income - Other (OPIOI)
opiri;OPIRI -- Operating Income - Reinsurance (OPIRI)
opiti;OPITI -- Operating Income - Total (OPITI)
oprepsx;OPREPSX -- Earnings Per Share Diluted from Operations (OPREPSX)
optca;OPTCA -- Options - Cancelled (-) (OPTCA)
optdr;OPTDR -- Dividend Rate - Assumption (%) (OPTDR)
optex;OPTEX -- Options Exercisable (000) (OPTEX)
optexd;OPTEXD -- Options - Exercised (-) (OPTEXD)
optfvgr;OPTFVGR -- Options - Fair Value of Options Granted (OPTFVGR)
optgr;OPTGR -- Options - Granted (OPTGR)
optlife;OPTLIFE -- Life of Options - Assumption (# yrs) (OPTLIFE)
optosby;OPTOSBY -- Options Outstanding - Beg of Year (OPTOSBY)
optosey;OPTOSEY -- Options Outstanding - End of Year (OPTOSEY)
optprcby;OPTPRCBY -- Options Outstanding Beg of Year - Price (OPTPRCBY)
optprcca;OPTPRCCA -- Options Cancelled - Price (OPTPRCCA)
optprcex;OPTPRCEX -- Options Exercised - Price (OPTPRCEX)
optprcey;OPTPRCEY -- Options Outstanding End of Year - Price (OPTPRCEY)
optprcgr;OPTPRCGR -- Options Granted - Price (OPTPRCGR)
optprcwa;OPTPRCWA -- Options Exercisable - Weighted Avg Price (OPTPRCWA)
optrfr;OPTRFR -- Risk Free Rate - Assumption (%) (OPTRFR)
optvol;OPTVOL -- Volatility - Assumption (%) (OPTVOL)
palr;PALR -- Premiums Assumed - Life (PALR)
panlr;PANLR -- Premiums Assumed - Nonlife (PANLR)
patr;PATR -- Premiums Assumed - Total (PATR)
pcl;PCL -- Provision - Credit Losses (Income Account) (PCL)
pclr;PCLR -- Premiums Ceded - Life (PCLR)
pcnlr;PCNLR -- Premiums Ceded - Nonlife (PCNLR)
pctr;PCTR -- Premiums Ceded - Total (PCTR)
pdvc;PDVC -- Cash Dividends on Preferred/Preference Stock (Cash Flow) (PDVC)
pi;PI -- Pretax Income (PI)
pidom;PIDOM -- Pretax Income Domestic (PIDOM)
pifo;PIFO -- Pretax Income Foreign (PIFO)
pll;PLL -- Provision for Loan/Asset Losses (PLL)
pltbl;PLTBL -- Premiums - Life - Total (Business Line) (PLTBL)
pnca;PNCA -- Core Pension Adjustment (PNCA)
pncad;PNCAD -- Core Pension Adjustment Diluted EPS Effect (PNCAD)
pncaeps;PNCAEPS -- Core Pension Adjustment Basic EPS Effect (PNCAEPS)
pncia;PNCIA -- Core Pension Interest Adjustment After-tax (PNCIA)
pncid;PNCID -- Core Pension Interest Adjustment Diluted EPS Effect (PNCID)
pncieps;PNCIEPS -- Core Pension Interest Adjustment Basic EPS Effect (PNCIEPS)
pncip;PNCIP -- Core Pension Interest Adjustment Pretax (PNCIP)
pncwia;PNCWIA -- Core Pension w/o Interest Adjustment After-tax (PNCWIA)
pncwid;PNCWID -- Core Pension w/o Interest Adjustment Diluted EPS Effect (PNCWID)
pncwieps;PNCWIEPS -- Core Pension w/o Interest Adjustment Basic EPS Effect (PNCWIEPS)
pncwip;PNCWIP -- Core Pension w/o Interest Adjustment Pretax (PNCWIP)
pnlbl;PNLBL -- Premiums - Nonlife - Total (Business Line) (PNLBL)
pnli;PNLI -- Premiums Written - Non-Life (PNLI)
pnrsho;PNRSHO -- Nonred Pfd Shares Outs (000) (PNRSHO)
pobl;POBL -- Premiums - Other (Business Line) (POBL)
ppcbl;PPCBL -- Personal Property and Casualty Claims (Business Line) (PPCBL)
ppegt;PPEGT -- Property, Plant and Equipment - Total (Gross) (PPEGT)
ppenb;PPENB -- Property, Plant, and Equipment Buildings (Net) (PPENB)
ppenc;PPENC -- Property, Plant, and Equipment Construction in Progress (Net) (PPENC)
ppenli;PPENLI -- Property, Plant, and Equipment Land and Improvements (Net) (PPENLI)
ppenls;PPENLS -- Property, Plant, and Equipment Leases (Net) (PPENLS)
ppenme;PPENME -- Property, Plant, and Equipment Machinery and Equipment (Net) (PPENME)
ppennr;PPENNR -- Property, Plant, and Equipment Natural Resources (Net) (PPENNR)
ppeno;PPENO -- Property, Plant, and Equipment Other (Net) (PPENO)
ppent;PPENT -- Property, Plant and Equipment - Total (Net) (PPENT)
ppevbb;PPEVBB -- Property, Plant and Equipment Beginning Balance (Schedule V) (PPEVBB)
ppeveb;PPEVEB -- Property, Plant, and Equipment Ending Balance (Schedule V) (PPEVEB)
ppevo;PPEVO -- Property, Plant, and Equipment Other Changes (Schedule V) (PPEVO)
ppevr;PPEVR -- Property, Plant and Equipment Retirements (Schedule V) (PPEVR)
pppabl;PPPABL -- Personal Property and Casualty Premiums - Automobile (Business Line) (PPPABL)
ppphbl;PPPHBL -- Personal Property and Casualty Premiums - Homeowners (Business Line) (PPPHBL)
pppobl;PPPOBL -- Personal Property and Casualty Premiums - Other (Business Line) (PPPOBL)
ppptbl;PPPTBL -- Personal Property & Casualty Premiums - Total (Business Line) (PPPTBL)
prc;PRC -- Participation Rights Certificates (PRC)
prca;PRCA -- Core Post Retirement Adjustment (PRCA)
prcad;PRCAD -- Core Post Retirement Adjustment Diluted EPS Effect (PRCAD)
prcaeps;PRCAEPS -- Core Post Retirement Adjustment Basic EPS Effect (PRCAEPS)
prebl;PREBL -- Premiums - Reinsurance (Business Line) (PREBL)
pri;PRI -- Premiums Written - Reinsurance (PRI)
prodv;PRODV -- Proposed Dividends (PRODV)
prsho;PRSHO -- Redeem Pfd Shares Outs (000) (PRSHO)
prstkc;PRSTKC -- Purchase of Common and Preferred Stock (PRSTKC)
prstkcc;PRSTKCC -- Purchase of Common Stock (Cash Flow) (PRSTKCC)
prstkpc;PRSTKPC -- Purchase of Preferred/Preference Stock (Cash Flow) (PRSTKPC)
prvt;PRVT -- Policy Reserves - Total (Statutory) (PRVT)
pstk;PSTK -- Preferred/Preference Stock (Capital) - Total (PSTK)
pstkc;PSTKC -- Preferred Stock Convertible (PSTKC)
pstkl;PSTKL -- Preferred Stock Liquidating Value (PSTKL)
pstkn;PSTKN -- Preferred/Preference Stock - Nonredeemable (PSTKN)
pstkr;PSTKR -- Preferred/Preference Stock - Redeemable (PSTKR)
pstkrv;PSTKRV -- Preferred Stock Redemption Value (PSTKRV)
ptbl;PTBL -- Premiums - Total (Business Line) (PTBL)
ptran;PTRAN -- Principal Transactions (PTRAN)
pvcl;PVCL -- Provision - Credit Losses (Balance Sheet) (PVCL)
pvo;PVO -- Provision - Other (PVO)
pvon;PVON -- Provisions - Other (Net) (PVON)
pvpl;PVPL -- Provision - Pension Liabilities (PVPL)
pvt;PVT -- Provisions - Total (PVT)
pwoi;PWOI -- Premiums Written - Other (PWOI)
radp;RADP -- Reinsurance Assets - Deposits and Other (Insurance) (RADP)
ragr;RAGR -- Resale Agreements (RAGR)
rari;RARI -- Reinsurance Assets - Receivable/Debtors (Insurance) (RARI)
rati;RATI -- Reinsurance Assets - Total (Insurance) (RATI)
rca;RCA -- Restructuring Costs After-tax (RCA)
rcd;RCD -- Restructuring Costs Diluted EPS Effect (RCD)
rceps;RCEPS -- Restructuring Costs Basic EPS Effect (RCEPS)
rcl;RCL -- Reserves for Credit Losses (Assets) (RCL)
rcp;RCP -- Restructuring Costs Pretax (RCP)
rdip;RDIP -- In Process R&D Expense (RDIP)
rdipa;RDIPA -- In Process R&D Expense After-tax (RDIPA)
rdipd;RDIPD -- In Process R&D Expense Diluted EPS Effect (RDIPD)
rdipeps;RDIPEPS -- In Process R&D Expense Basic EPS Effect (RDIPEPS)
rdp;RDP -- Regulatory Deposits (RDP)
re;RE -- Retained Earnings (RE)
rea;REA -- Retained Earnings Restatement (REA)
reajo;REAJO -- Retained Earnings Other Adjustments (REAJO)
recch;RECCH -- Accounts Receivable Decrease (Increase) (RECCH)
recco;RECCO -- Receivables - Current - Other (RECCO)
recd;RECD -- Receivables - Estimated Doubtful (RECD)
rect;RECT -- Receivables Total (RECT)
recta;RECTA -- Retained Earnings Cumulative Translation Adjustment (RECTA)
rectr;RECTR -- Receivables - Trade (RECTR)
recub;RECUB -- Unbilled Receivables (RECUB)
ret;RET -- Total RE Property (RET)
reuna;REUNA -- Retained Earnings Unadjusted (REUNA)
reunr;REUNR -- Retained Earnings Unrestricted (REUNR)
revt;REVT -- Revenue - Total (REVT)
ris;RIS -- Revenue/Income - Sundry (RIS)
rll;RLL -- Reserve for Loan/Asset Losses (RLL)
rlo;RLO -- Reinsurance Liabilities - Other (RLO)
rlp;RLP -- Reinsurance Liabilities - Payables/Creditors (RLP)
rlri;RLRI -- Reinsurers' Liability for Reserves (Insurance) (RLRI)
rlt;RLT -- Reinsurance Liabilities - Total (RLT)
rmum;RMUM -- Auditors' Remuneraton (RMUM)
rpag;RPAG -- Repurchase Agreements (RPAG)
rra;RRA -- Reversal Restructruring/Acquisition Aftertax (RRA)
rrd;RRD -- Reversal Restructuring/Acq Diluted EPS Effect (RRD)
rreps;RREPS -- Reversal Restructuring/Acq Basic EPS Effect (RREPS)
rrp;RRP -- Reversal Restructruring/Acquisition Pretax (RRP)
rstche;RSTCHE -- Restricted Cash & Investments - Current (RSTCHE)
rstchelt;RSTCHELT -- Long-Term Restricted Cash & Investments (RSTCHELT)
rvbci;RVBCI -- Reserves for Benefits - Life - Claims (Insurance) (RVBCI)
rvbpi;RVBPI -- Reserves for Benefits - Life - Policy (Insurance) (RVBPI)
rvbti;RVBTI -- Reserves for Benefits - Life - Total (Insurance) (RVBTI)
rvdo;RVDO -- Reserves - Distributable - Other (RVDO)
rvdt;RVDT -- Reserves - Distributable - Total (RVDT)
rveqt;RVEQT -- Equity Reserves - Total (RVEQT)
rvlrv;RVLRV -- Revaluation Reserve (RVLRV)
rvno;RVNO -- Reserves - Nondistributable - Other (RVNO)
rvnt;RVNT -- Reserves - Nondistributable - Total (RVNT)
rvri;RVRI -- Reserves - Reinsurance (Insurance) (RVRI)
rvsi;RVSI -- Reserves - Sundry (Insurance) (RVSI)
rvti;RVTI -- Reserves - Total (RVTI)
rvtxr;RVTXR -- Reserves - Tax-Regulated (RVTXR)
rvupi;RVUPI -- Reserves for Unearned Premiums (Insurance) (RVUPI)
rvutx;RVUTX -- Reserves - Untaxed (RVUTX)
saa;SAA -- Separate Account Assets (SAA)
sal;SAL -- Separate Account Liabilities (SAL)
sale;SALE -- Sales/Turnover (Net) (SALE)
salepfc;SALEPFC -- Pro Forma Net Sales - Current Year (SALEPFC)
salepfp;SALEPFP -- Pro Forma Net Sales - Prior Year (SALEPFP)
sbdc;SBDC -- Securities Borrowed and Deposited by Customers (SBDC)
sc;SC -- Securities In Custody (SC)
sco;SCO -- Share Capital - Other (SCO)
scstkc;SCSTKC -- Sale of Common Stock (Cash Flow) (SCSTKC)
secu;SECU -- Securities Gains (Losses) - Unrealized (SECU)
seq;SEQ -- Stockholders' Equity - Total (SEQ)
seqo;SEQO -- Other Stockholders Equity Adjustments (SEQO)
seta;SETA -- Settlement (Litigation/Insurance) After-tax (SETA)
setd;SETD -- Settlement (Litigation/Insurance) Diluted EPS Effect (SETD)
seteps;SETEPS -- Settlement (Litigation/Insurance) Basic EPS Effect (SETEPS)
setp;SETP -- Settlement (Litigation/Insurance) Pretax (SETP)
siv;SIV -- Sale of Investments (SIV)
spce;SPCE -- S&P Core Earnings (SPCE)
spced;SPCED -- S&P Core Earnings EPS Diluted (SPCED)
spceeps;SPCEEPS -- S&P Core Earnings EPS Basic (SPCEEPS)
spi;SPI -- Special Items (SPI)
spid;SPID -- Other Special Items Diluted EPS Effect (SPID)
spieps;SPIEPS -- Other Special Items Basic EPS Effect (SPIEPS)
spioa;SPIOA -- Other Special Items After-tax (SPIOA)
spiop;SPIOP -- Other Special Items Pretax (SPIOP)
sppe;SPPE -- Sale of Property (SPPE)
sppiv;SPPIV -- Sale of Property, Plant and Equipment and Investments Gain (Loss) (SPPIV)
spstkc;SPSTKC -- Sale of Preferred/Preference Stock (Cash Flow) (SPSTKC)
sret;SRET -- Gain/Loss on Sale of Property (SRET)
srt;SRT -- Surplus - Total (Statutory) (SRT)
ssnp;SSNP -- Securities Sold Not Yet Purchased (SSNP)
sstk;SSTK -- Sale of Common and Preferred Stock (SSTK)
stbo;STBO -- Short-Term Borrowings - Other (STBO)
stio;STIO -- Short-Term Investments - Other (STIO)
stkco;STKCO -- Stock Compensation Expense (STKCO)
stkcpa;STKCPA -- After-tax stock compensation (STKCPA)
tdc;TDC -- Deferred Income Taxes - Net (Cash Flow) (TDC)
tdscd;TDSCD -- Trading/Dealing Account Securities - Corporate Debt (TDSCD)
tdsce;TDSCE -- Trading/Dealing Account Securities - Corporate Equity (TDSCE)
tdsg;TDSG -- Trading/Dealing Securities - Gain (Loss) (TDSG)
tdslg;TDSLG -- Trading/Dealing Account Securities - Local Governments (TDSLG)
tdsmm;TDSMM -- Trading/Dealing Account Securities - Money Market (TDSMM)
tdsng;TDSNG -- Trading/Dealing Account Securities - National Governments (TDSNG)
tdso;TDSO -- Trading/Dealing Account Securities - Other (TDSO)
tdss;TDSS -- Trading/Dealing Account Securities - Sundry (TDSS)
tdst;TDST -- Trading/Dealing Account Securities - Total (TDST)
teq;TEQ -- Stockholders Equity - Total (TEQ)
tf;TF -- Trust Fees (TF)
tfva;TFVA -- Total Fair Value Assets (TFVA)
tfvce;TFVCE -- Total Fair Value Changes including Earnings (TFVCE)
tfvl;TFVL -- Total Fair Value Liabilities (TFVL)
tie;TIE -- Interest Expense Total (Financial Services) (TIE)
tii;TII -- Interest Income Total (Financial Services) (TII)
tlcf;TLCF -- Tax Loss Carry Forward (TLCF)
transa;TRANSA -- Cumulative Translation Adjustment (TRANSA)
tsa;TSA -- Treasury Stock (Assets) (TSA)
tsafc;TSAFC -- Total Sources/Applications of Funds (Cash Flow) (TSAFC)
tso;TSO -- Treasury Stock - Other Share Capital (TSO)
tstk;TSTK -- Treasury Stock - Total (All Capital) (TSTK)
tstkc;TSTKC -- Treasury Stock - Common (TSTKC)
tstkme;TSTKME -- Treasury Stock Book Value Memo Entry (TSTKME)
tstkn;TSTKN -- Treasury Stock Number of Common Shares (TSTKN)
tstkp;TSTKP -- Treasury Stock - Preferrred (TSTKP)
txach;TXACH -- Income Taxes Accrued Increase/(Decrease) (TXACH)
txbco;TXBCO -- Excess Tax Benefit Stock Options - Cash Flow Operating (TXBCO)
txbcof;TXBCOF -- Excess Tax Benefit of Stock Options - Cash Flow Financing (TXBCOF)
txc;TXC -- Income Taxes - Current (TXC)
txdb;TXDB -- Deferred Taxes (Balance Sheet) (TXDB)
txdba;TXDBA -- Deferred Tax Asset - Long Term (TXDBA)
txdbca;TXDBCA -- Deferred Tax Asset - Current (TXDBCA)
txdbcl;TXDBCL -- Deferred Tax Liability - Current (TXDBCL)
txdc;TXDC -- Deferred Taxes (Cash Flow) (TXDC)
txdfed;TXDFED -- Deferred Taxes-Federal (TXDFED)
txdfo;TXDFO -- Deferred Taxes-Foreign (TXDFO)
txdi;TXDI -- Income Taxes - Deferred (TXDI)
txditc;TXDITC -- Deferred Taxes and Investment Tax Credit (TXDITC)
txds;TXDS -- Deferred Taxes-State (TXDS)
txeqa;TXEQA -- Tax - Equivalent Adjustment (TXEQA)
txeqii;TXEQII -- Tax - Equivalent Interest Income (Gross) (TXEQII)
txfed;TXFED -- Income Taxes Federal (TXFED)
txfo;TXFO -- Income Taxes - Foreign (TXFO)
txndb;TXNDB -- Net Deferred Tax Asset (Liab) - Total (TXNDB)
txndba;TXNDBA -- Net Deferred Tax Asset (TXNDBA)
txndbl;TXNDBL -- Net Deferred Tax Liability (TXNDBL)
txndbr;TXNDBR -- Deferred Tax Residual (TXNDBR)
txo;TXO -- Income Taxes - Other (TXO)
txp;TXP -- Income Taxes Payable (TXP)
txpd;TXPD -- Income Taxes Paid (TXPD)
txr;TXR -- Income Tax Refund (TXR)
txs;TXS -- Income Taxes State (TXS)
txt;TXT -- Income Taxes - Total (TXT)
txtubadjust;TXTUBADJUST -- Other Unrecog Tax Benefit Adj. (TXTUBADJUST)
txtubbegin;TXTUBBEGIN -- Unrecog. Tax Benefits - Beg of Year (TXTUBBEGIN)
txtubend;TXTUBEND -- Unrecog. Tax Benefits - End of Year (TXTUBEND)
txtubmax;TXTUBMAX -- Chg. In Unrecog. Tax Benefits - Max (TXTUBMAX)
txtubmin;TXTUBMIN -- Chg. In Unrecog. Tax Benefits - Min (TXTUBMIN)
txtubposdec;TXTUBPOSDEC -- Decrease- Current Tax Positions (TXTUBPOSDEC)
txtubposinc;TXTUBPOSINC -- Increase- Current Tax Positions (TXTUBPOSINC)
txtubpospdec;TXTUBPOSPDEC -- Decrease- Prior Tax Positions (TXTUBPOSPDEC)
txtubpospinc;TXTUBPOSPINC -- Increase- Prior Tax Positions (TXTUBPOSPINC)
txtubsettle;TXTUBSETTLE -- Settlements with Tax Authorities (TXTUBSETTLE)
txtubsoflimit;TXTUBSOFLIMIT -- Lapse of Statute of Limitations (TXTUBSOFLIMIT)
txtubtxtr;TXTUBTXTR -- Impact on Effective Tax Rate (TXTUBTXTR)
txtubxintbs;TXTUBXINTBS -- Interest & Penalties Accrued - B/S (TXTUBXINTBS)
txtubxintis;TXTUBXINTIS -- Interest & Penalties Reconized - I/S (TXTUBXINTIS)
txva;TXVA -- Value Added Taxes (TXVA)
txw;TXW -- Excise Taxes (TXW)
uaoloch;UAOLOCH -- Other Assets and Liabilities - Net Change (Statement of Cash Flows) (UAOLOCH)
uaox;UAOX -- Other Assets - Utility (UAOX)
uapt;UAPT -- Accounts Payable - Utility (UAPT)
ucaps;UCAPS -- Paid in Capital - Other (UCAPS)
uccons;UCCONS -- Contributions in Aid of Construction (UCCONS)
uceq;UCEQ -- Common Equity Total - Utility (UCEQ)
ucustad;UCUSTAD -- Customer Advances for Construction (UCUSTAD)
udcopres;UDCOPRES -- Deferred Credits and Operating Reserves - Other (UDCOPRES)
udd;UDD -- Debt (Debentures) (UDD)
udfcc;UDFCC -- Deferred Fuel - Increase (Decrease) (Statement of Cash Flows) (UDFCC)
udmb;UDMB -- Debt (Mortgage Bonds) - Utility (UDMB)
udolt;UDOLT -- Debt (Other Long-Term) - Utility (UDOLT)
udpco;UDPCO -- Debt (Pollution Control Obligations) - Utility (UDPCO)
udpfa;UDPFA -- Depreciation of Fixed Assets (UDPFA)
udvp;UDVP -- Preferred Dividend Requirements (UDVP)
ufretsd;UFRETSD -- Funds for Retirement of Securities and Short-Term Debt (Cash Flow) (UFRETSD)
ugi;UGI -- Gross Income (Income Before Interest Charges) (UGI)
ui;UI -- Unearned Income (UI)
uinvt;UINVT -- Inventories - Utility (UINVT)
ulcm;ULCM -- Current Liabilities - Miscellaneous (ULCM)
ulco;ULCO -- Current Liabilities - Other - Utility (ULCO)
uniami;UNIAMI -- Net Income before Extraordinary Items and after Minority Interest (UNIAMI)
unl;UNL -- Unappropriated Net Loss (UNL)
unnp;UNNP -- Unappropriated Net Profit (Stockholders' Equity) (UNNP)
unnpl;UNNPL -- Unappropriated Net Profit (UNNPL)
unopinc;UNOPINC -- Nonoperating Income (Net) - Other (UNOPINC)
unwcc;UNWCC -- Working Capital (Use) - Increase (Decrease) (Cash Flow) (UNWCC)
uois;UOIS -- Other Internal Sources - Net (Cash Flow) (UOIS)
uopi;UOPI -- Operating Income - Total - Utility (UOPI)
uopres;UOPRES -- Operating Reserves (UOPRES)
updvp;UPDVP -- Preference Dividend Requirements* (UPDVP)
upmcstk;UPMCSTK -- Premium on Common Stock* (UPMCSTK)
upmpf;UPMPF -- Premium on Preferred Stock* (UPMPF)
upmpfs;UPMPFS -- Premium on Preference Stock* (UPMPFS)
upmsubp;UPMSUBP -- Premium on Subsidiary Preferred Stock* (UPMSUBP)
upstk;UPSTK -- Preferred Stock at Carrying Value (UPSTK)
upstkc;UPSTKC -- Preference Stock at Carrying Value* (UPSTKC)
upstksf;UPSTKSF -- Preferred/Preference Stock Sinking Fund Requirement (UPSTKSF)
urect;URECT -- Receivables (Net) (URECT)
urectr;URECTR -- Accounts Receivable - Trade - Utility (URECTR)
urevub;UREVUB -- Accrued Unbilled Revenues (Balance Sheet) (UREVUB)
uspi;USPI -- Special Items (USPI)
ustdnc;USTDNC -- Short-Term Debt - Decrease (Increase) (Cash Flow) (USTDNC)
usubdvp;USUBDVP -- Subsidiary Preferred Dividends (USUBDVP)
usubpstk;USUBPSTK -- Subsidiary Preferred Stock at Carrying Value (USUBPSTK)
utfdoc;UTFDOC -- Total Funds From Operations (Cash Flow) (UTFDOC)
utfosc;UTFOSC -- Total Funds from Outside Sources (Cash Flow) (UTFOSC)
utme;UTME -- Maintenance Expense - Total (UTME)
utxfed;UTXFED -- Current Taxes - Federal (Operating) (UTXFED)
uwkcapc;UWKCAPC -- Working Capital (Source) - Decrease (Increase) (Cash Flow) (UWKCAPC)
uxinst;UXINST -- Interest On Short-Term Debt - Utility (UXINST)
uxintd;UXINTD -- Interest on Long-Term Debt* (UXINTD)
vpac;VPAC -- Investments - Permanent - Associated Companies (VPAC)
vpo;VPO -- Investments - Permanent - Other (VPO)
wcap;WCAP -- Working Capital (Balance Sheet) (WCAP)
wcapc;WCAPC -- Working Capital Change Other Increase/(Decrease) (WCAPC)
wcapch;WCAPCH -- Working Capital Change Total (WCAPCH)
wda;WDA -- Writedowns After-tax (WDA)
wdd;WDD -- Writedowns Diluted EPS Effect (WDD)
wdeps;WDEPS -- Writedowns Basic EPS Effect (WDEPS)
wdp;WDP -- Writedowns Pretax (WDP)
xacc;XACC -- Accrued Expenses (XACC)
xad;XAD -- Advertising Expense (XAD)
xago;XAGO -- Administrative and General Expense - Other (XAGO)
xagt;XAGT -- Administrative and General Expense - Total (XAGT)
xcom;XCOM -- Communications Expense (XCOM)
xcomi;XCOMI -- Commissions Expense (Insurance) (XCOMI)
xdepl;XDEPL -- Depletion Expense (Schedule VI) (XDEPL)
xdp;XDP -- Depreciation Expense (Schedule VI) (XDP)
xdvre;XDVRE -- Expense - Development (Real Estate) (XDVRE)
xeqo;XEQO -- Equipment and Occupancy Expense (XEQO)
xi;XI -- Extraordinary Items (XI)
xido;XIDO -- Extraordinary Items and Discontinued Operations (XIDO)
xidoc;XIDOC -- Extraordinary Items and Discontinued Operations (Cash Flow) (XIDOC)
xindb;XINDB -- Interest Expense - Deposits - Banks (XINDB)
xindc;XINDC -- Interest Expense - Deposits - Customer (XINDC)
xins;XINS -- Interest Expense - Sundry (XINS)
xinst;XINST -- Interest Expense - Short-Term Borrowings (XINST)
xint;XINT -- Interest and Related Expense - Total (XINT)
xintd;XINTD -- Interest Expense - Long-Term Debt (XINTD)
xintopt;XINTOPT -- Implied Option Expense (XINTOPT)
xivi;XIVI -- Investment Expense (Insurance) (XIVI)
xivre;XIVRE -- Expense - Investment (Real Estate) (XIVRE)
xlr;XLR -- Staff Expense - Total (XLR)
xnbi;XNBI -- Other Insurance Expense (XNBI)
xnf;XNF -- Non-Financial Services Expense (XNF)
xnins;XNINS -- Other Expense - Noninsurance (XNINS)
xnitb;XNITB -- Expense - Noninterest - Total (Bank) (XNITB)
xobd;XOBD -- Expense - Other (Broker/Dealer) (XOBD)
xoi;XOI -- Expenses - Other (Insurance) (XOI)
xopr;XOPR -- Operating Expenses Total (XOPR)
xoprar;XOPRAR -- Operatings Expenses - As Reported (XOPRAR)
xoptd;XOPTD -- Implied Option EPS Diluted (XOPTD)
xopteps;XOPTEPS -- Implied Option EPS Basic (XOPTEPS)
xore;XORE -- Expense - Other (Real Estate) (XORE)
xpp;XPP -- Prepaid Expenses (XPP)
xpr;XPR -- Pension and Retirement Expense (XPR)
xrd;XRD -- Research and Development Expense (XRD)
xrdp;XRDP -- Research & Development - Prior (XRDP)
xrent;XRENT -- Rental Expense (XRENT)
xs;XS -- Expense - Sundry (XS)
xsga;XSGA -- Selling, General and Administrative Expense (XSGA)
xstf;XSTF -- Staff Expense (Income Account) (XSTF)
xstfo;XSTFO -- Staff Expense - Other (XSTFO)
xstfws;XSTFWS -- Staff Expense - Wages and Salaries (XSTFWS)
xt;XT -- Expense - Total (XT)
xuw;XUW -- Other Underwriting Expenses - Insurance (XUW)
xuwli;XUWLI -- Underwriting Expense - Life (XUWLI)
xuwnli;XUWNLI -- Underwriting Expense - Non-Life (XUWNLI)
xuwoi;XUWOI -- Underwriting Expense - Other (XUWOI)
xuwrei;XUWREI -- Underwriting Expense - Reinsurance (XUWREI)
xuwti;XUWTI -- Underwriting Expense - Total (XUWTI)
